SECTION,DETAIL_KEY,VALUE,DESCRIPTION
SUMMARY,racnode1 / DEMODB / 02-10-2026 19:29:33,CRIT=0 WARN=5 OK=39,WARN
CONFIG,config.env,loaded from /home/oracle/scripts/oracle-rac-checklist/config.env,INFO
DB STATUS,OPEN_MODE inst 1,READ WRITE,OK
DB STATUS,OPEN_MODE inst 2,READ WRITE,OK
DB STATUS,LOG_MODE,ARCHIVELOG,OK
INSTANCE STATUS,Instance 1 (DEMODB1 on racnode1),"OPEN, up 41.3 days",OK
INSTANCE STATUS,Instance 2 (DEMODB2 on racnode2),"OPEN, up 41.3 days",OK
INSTANCE STATUS,Instances OPEN,2 of 2,OK
TEMP USAGE,TEMP,Used=78.40% of 64G,WARN
TEMP USAGE,Top consumer,"APPUSER sid 1234 inst 2: 41210M, sql_id 7h35uxf5uhmm1",INFO
TABLESPACE USAGE,APP_DATA,Used=86.12% of max,WARN
TABLESPACE USAGE,SYSAUX,Used=61.04% of max,OK
TABLESPACE USAGE,APP_INDEX,Used=54.90% of max,OK
TABLESPACE USAGE,SYSTEM,Used=12.33% of max,OK
TABLESPACE USAGE,USERS,Used=0.10% of max,OK
SESSION COUNT,Inst 1 ACTIVE,9,OK
SESSION COUNT,Inst 1 INACTIVE,412,OK
SESSION COUNT,Inst 2 ACTIVE,11,OK
SESSION COUNT,Inst 2 INACTIVE,398,OK
SESSION LIMIT,Inst 1 processes,612 of 1500,OK
SESSION LIMIT,Inst 1 sessions,655 of 2272,OK
SESSION LIMIT,Inst 2 processes,598 of 1500,OK
SESSION LIMIT,Inst 2 sessions,640 of 2272,OK
BLOCKING,Sessions blocked > 300s,0,OK
LONG CALLS,Active calls > 1800s,0,OK
ARCHIVE DEST,Dest 1 -> USE_DB_RECOVERY_FILE_DEST,VALID,OK
ARCHIVE DEST,Dest 2 -> DEMODB_DR,VALID,OK
DB SYNC STATUS,Thread 1,PR=48211 DR=48210 GAP=1 LAG=4min,OK
DB SYNC STATUS,Thread 2,PR=47102 DR=47102 GAP=0 LAG=0min,OK
FRA USAGE,+FRA,Used=41.22% of 2048G,OK
ASM DISKGROUP,DATA,"Used=71.80%, usable free 1410G",OK
ASM DISKGROUP,FRA,"Used=43.10%, usable free 1162G",OK
ASM DISKGROUP,OCR,"Used=8.20%, usable free 3G",OK
RMAN BACKUP,Last DB backup (full/incr),01-10-2026 23:40,OK
RMAN BACKUP,Last archivelog backup,02-10-2026 18:05,OK
RMAN BACKUP,Failed jobs (24h),0,OK
ALERT LOG,ORA- errors last 4h (local instance),0,OK
CLUSTERWARE,Resources with TARGET=ONLINE,all ONLINE,OK
OS UTILIZATION,Node 1,CPU: 26.63% Mem: 76.24% Swap: 0.73% Load/core: 0.03 (flagged: Mem),WARN
FILESYSTEM,Node 1 /u01,Used=83%,WARN
FILESYSTEM,Node 1,"5 checked, highest 83% on /u01",WARN
OS UTILIZATION,Node 2,CPU: 18.98% Mem: 52.83% Swap: 0.00% Load/core: 0.03,OK
FILESYSTEM,Node 2,"5 checked, highest 70% on /u01",OK
GOLDENGATE,X_EXTRACT1,"RUNNING, lag 00:00:04, checkpoint 2026-10-02 19:28:33 (1m ago), started 2026-09-20 15:37, SCN 18.25 (79891234567)",OK
SFTP LOG,/var/log/sftp.log,"size 1003M, modified Oct 2 23:50, producer says: Normal",OK
ACTIVE SESSIONS,Last 2h (2151 - 2351),"highest 2331 --> 20 rows [NORMAL], lowest 2200 --> 6 rows [NORMAL]",OK
APP SERVERS,Accessible,"9 of 9, inaccessible 0",OK
